{
  "Content-Based": {
    "precision": 0.02,
    "recall": 0.06666666666666667,
    "f1_score": 0.030769230769230764,
    "hit_rate": 0.2,
    "coverage": 0.0020846362309776944,
    "diversity": 8.6,
    "runtime": 0.5495792388916015
  },
  "Enhanced Content-Based": {
    "precision": 0.04,
    "recall": 0.13333333333333333,
    "f1_score": 0.06153846153846153,
    "hit_rate": 0.4,
    "coverage": 0.0020846362309776944,
    "diversity": 7.6,
    "runtime": 0.48272013664245605
  },
  "Collaborative Filtering": {
    "precision": 0.28,
    "recall": 0.6666666666666666,
    "f1_score": 0.3873626373626374,
    "hit_rate": 0.8,
    "coverage": 0.0020846362309776944,
    "diversity": 10.2,
    "runtime": 0.025768470764160157
  },
  "ML Recommender": {
    "precision": 0.02,
    "recall": 0.06666666666666667,
    "f1_score": 0.030769230769230764,
    "hit_rate": 0.2,
    "coverage": 0.0020846362309776944,
    "diversity": 7.6,
    "runtime": 0.0026006221771240233
  },
  "Matrix Factorization": {
    "precision": 0.0,
    "recall": 0.0,
    "f1_score": 0.0,
    "hit_rate": 0.0,
    "coverage": 0.0020846362309776944,
    "diversity": 10.2,
    "runtime": 0.10621213912963867
  }
}