{
  "Content-Based": {
    "precision": 0.02,
    "recall": 0.06666666666666667,
    "f1_score": 0.030769230769230764,
    "hit_rate": 0.2,
    "coverage": 0.0020846362309776944,
    "diversity": 0.0,
    "runtime": 0.31771388053894045
  },
  "Enhanced Content-Based": {
    "precision": 0.04,
    "recall": 0.13333333333333333,
    "f1_score": 0.06153846153846153,
    "hit_rate": 0.4,
    "coverage": 0.0020846362309776944,
    "diversity": 0.0,
    "runtime": 0.2614720821380615
  },
  "Collaborative Filtering": {
    "precision": 0.28,
    "recall": 0.6666666666666666,
    "f1_score": 0.3873626373626374,
    "hit_rate": 0.8,
    "coverage": 0.0020846362309776944,
    "diversity": 0.0,
    "runtime": 0.023016929626464844
  },
  "ML Recommender": {
    "precision": 0.02,
    "recall": 0.06666666666666667,
    "f1_score": 0.030769230769230764,
    "hit_rate": 0.2,
    "coverage": 0.0020846362309776944,
    "diversity": 0.0,
    "runtime": 0.005621337890625
  },
  "Matrix Factorization": {
    "precision": 0.02,
    "recall": 0.05,
    "f1_score": 0.028571428571428574,
    "hit_rate": 0.2,
    "coverage": 0.0020846362309776944,
    "diversity": 0.0,
    "runtime": 0.1399989604949951
  }
}